Metric,Value,Notes
Total AI Tools,24,All tools in directory
Adopted / Production,10,Approved for team use
Testing / Pilot,9,Under evaluation
Researching,4,Discovery / planned
Tool Evaluations,9,Completed or notes evaluations
Prompt Library Items,16,Reusable prompts
Learning Resources,9,Courses and docs
Team Use Cases,8,Documented use cases
Decision Guides,3,When-to-use guides
Chooser Jobs,10,Home job chooser paths
Contributors,1,Active contributors
Ideas in Backlog,4,Future enhancements
News Items,2,AI news tracked
